[
    {
        "header": "",
        "items": [
            {
                "text": "Dashboard",
                "icon": "bx bx-qr",
                "available": true,
                "link": "dashboard"
            }
        ]
    },
    {
        "header": "CMS & Elements",
        "items": [
            {
                "text": "Content Pages",
                "icon": "bx bx-cog",
                "available": true,
                "link": "",
                "submenu": [
                    {
                        "text": "Pages",
                        "available": true,
                        "link": "pages.index"
                    },
                    {
                        "text": "Page Section",
                        "available": true,
                        "link": "page-sections.index"
                    }
                ]
            }
        ]
    },
    {
        "header": "Modules Management",
        "items": [
            {
                "text": "Manage Modules",
                "icon": "bx bx-cog",
                "available": true,
                "link": "",
                "submenu": [
                    {
                        "text": "All Modules",
                        "available": true,
                        "link": "modules.index"
                    }
                ]
            }
        ]
    },
    {
        "header": "ELEMENTS",
        "items": [
            {
                "text": "Degree",
                "icon": "bx bx-qr",
                "available": true,
                "link": "degree.index"
            },
            {
                "text": "Gallery Images",
                "icon": "bx bx-image",
                "available": true,
                "link": "images.index"
            }
        ]
    },
    {
        "header": "Settings",
        "items": [
            {
                "text": "Profile Settings",
                "icon": "bx bx-cog",
                "available": true,
                "link": "",
                "submenu": [
                    {
                        "text": "Update Profile",
                        "available": true,
                        "link": "profile.edit"
                    }
                ]
            }
        ]
    }
]
